{
    "loss": 12.07384967803955,
    "accuracy": 0.5814576745033264
}