{
    "loss": 7.256507873535156,
    "accuracy": 0.26580920815467834
}